MSISDN_NSK,ACTIVATION_DT,SUBSCRIBER_STATUS,SERVICE_CLASS_DESCR,DUAL_SIM_HANDSET,DEVICE_TYPE,MAIN_AC_BALANCE,ADVANCE_CREDIT,DOLA,DOLA_UPDATE_DATE,RBT_SERVICE_CLASS,VLR_STATUS,DND_STATUS,CURRENT_SEGMENT,LAST_REFILL_DATE,LAST_REFILL_VALUE,RGS_STATUS,SERVICE_CLASS,UPDATE_DATE
2.34811E+12,04082020,1,NEW BETATALK SC,1,2G,0.31,0,1,28052019,0,Y,0,LOW,2.3052E+13,100,2,46,29052019
2.34704E+12,04082020,1,PULSE,1,2G,58.6,0,0,29052019,0,Y,0,MEDIUM,2.9052E+13,75,1,44,29052019
2.34906E+12,04082020,1,NEW BETATALK SC,1,2G,0.1,0,10,19052019,0,Y,0,LOW,3.05202E+12,50,11,46,29052019
2.34907E+12,04082020,1,NEW BETATALK SC,1,2G,-49.59,0,0,29052019,0,Y,0,LOW,1.4052E+13,100,1,46,29052019
2.34807E+12,04082020,2,NEW BETATALK SC,1,2G,0.19,0,56,3042019,0,Y,0,LOW,3.1032E+13,100,57,46,29052019
2.34703E+12,04082020,1,MTN XTRAVALUE,1,3G,-294.5,172.5,0,29052019,0,Y,0,LOW,2.9052E+13,200,1,49,29052019
